<annotation>
	<folder />
	<filename>bicycle_002.jpg</filename>
	<path>bicycle_002.jpg</path>
	<source>
		<database>roboflow.ai</database>
	</source>
	<size>
		<width>416</width>
		<height>416</height>
		<depth>3</depth>
	</size>
	<segmented>0</segmented>
	<object>
		<name>Bicycle</name>
		<pose>Unspecified</pose>
		<truncated>0</truncated>
		<difficult>0</difficult>
		<occluded>0</occluded>
		<bndbox>
			<xmin>52</xmin>
			<xmax>78</xmax>
			<ymin>174</ymin>
			<ymax>267</ymax>
		</bndbox>
	</object>
	<object>
		<name>Bicycle</name>
		<pose>Unspecified</pose>
		<truncated>0</truncated>
		<difficult>0</difficult>
		<occluded>0</occluded>
		<bndbox>
			<xmin>280</xmin>
			<xmax>303</xmax>
			<ymin>189</ymin>
			<ymax>263</ymax>
		</bndbox>
	</object>
	<object>
		<name>Bicycle</name>
		<pose>Unspecified</pose>
		<truncated>0</truncated>
		<difficult>0</difficult>
		<occluded>0</occluded>
		<bndbox>
			<xmin>179</xmin>
			<xmax>221</xmax>
			<ymin>184</ymin>
			<ymax>273</ymax>
		</bndbox>
	</object>
	<object>
		<name>Bicycle</name>
		<pose>Unspecified</pose>
		<truncated>0</truncated>
		<difficult>0</difficult>
		<occluded>0</occluded>
		<bndbox>
			<xmin>223</xmin>
			<xmax>278</xmax>
			<ymin>188</ymin>
			<ymax>271</ymax>
		</bndbox>
	</object>
</annotation>