<annotation>
	<folder />
	<filename>bicycle_231.jpg</filename>
	<path>bicycle_231.jpg</path>
	<source>
		<database>roboflow.ai</database>
	</source>
	<size>
		<width>416</width>
		<height>416</height>
		<depth>3</depth>
	</size>
	<segmented>0</segmented>
	<object>
		<name>Bicycle</name>
		<pose>Unspecified</pose>
		<truncated>0</truncated>
		<difficult>0</difficult>
		<occluded>0</occluded>
		<bndbox>
			<xmin>1</xmin>
			<xmax>357</xmax>
			<ymin>1</ymin>
			<ymax>410</ymax>
		</bndbox>
	</object>
</annotation>