<annotation>
	<folder />
	<filename>bicycle_006.jpg</filename>
	<path>bicycle_006.jpg</path>
	<source>
		<database>roboflow.ai</database>
	</source>
	<size>
		<width>416</width>
		<height>416</height>
		<depth>3</depth>
	</size>
	<segmented>0</segmented>
	<object>
		<name>Bicycle</name>
		<pose>Unspecified</pose>
		<truncated>0</truncated>
		<difficult>0</difficult>
		<occluded>0</occluded>
		<bndbox>
			<xmin>2</xmin>
			<xmax>164</xmax>
			<ymin>40</ymin>
			<ymax>265</ymax>
		</bndbox>
	</object>
</annotation>