<annotation>
  <folder>train</folder>
  <filename>cats_033.jpg</filename>
  <path>cats_033.jpg</path>
  <source>
    <database>Unknown</database>
  </source>
  <size>
    <width>474</width>
    <height>632</height>
    <depth>3</depth>
  </size>
  <segmented>0</segmented>
  <object>
    <name>cat</name>
    <pose>Unspecified</pose>
    <truncated>0</truncated>
    <difficult>0</difficult>
    <bndbox>
      <xmin>45</xmin>
      <ymin>24</ymin>
      <xmax>472</xmax>
      <ymax>632</ymax>
    </bndbox>
  </object>
</annotation>