<annotation>
  <folder>train</folder>
  <filename>cats_045.jpg</filename>
  <path>cats_045.jpg</path>
  <source>
    <database>Unknown</database>
  </source>
  <size>
    <width>474</width>
    <height>315</height>
    <depth>3</depth>
  </size>
  <segmented>0</segmented>
  <object>
    <name>cat</name>
    <pose>Unspecified</pose>
    <truncated>0</truncated>
    <difficult>0</difficult>
    <bndbox>
      <xmin>71</xmin>
      <ymin>21</ymin>
      <xmax>407</xmax>
      <ymax>285</ymax>
    </bndbox>
  </object>
</annotation>