<annotation>
  <folder>train</folder>
  <filename>cats_026.jpg</filename>
  <path>cats_026.jpg</path>
  <source>
    <database>Unknown</database>
  </source>
  <size>
    <width>474</width>
    <height>316</height>
    <depth>3</depth>
  </size>
  <segmented>0</segmented>
  <object>
    <name>cat</name>
    <pose>Unspecified</pose>
    <truncated>0</truncated>
    <difficult>0</difficult>
    <bndbox>
      <xmin>136</xmin>
      <ymin>66</ymin>
      <xmax>247</xmax>
      <ymax>257</ymax>
    </bndbox>
  </object>
  <object>
    <name>cat</name>
    <pose>Unspecified</pose>
    <truncated>0</truncated>
    <difficult>0</difficult>
    <bndbox>
      <xmin>241</xmin>
      <ymin>81</ymin>
      <xmax>391</xmax>
      <ymax>246</ymax>
    </bndbox>
  </object>
  <object>
    <name>cat</name>
    <pose>Unspecified</pose>
    <truncated>0</truncated>
    <difficult>0</difficult>
    <bndbox>
      <xmin>209</xmin>
      <ymin>6</ymin>
      <xmax>297</xmax>
      <ymax>144</ymax>
    </bndbox>
  </object>
  <object>
    <name>cat</name>
    <pose>Unspecified</pose>
    <truncated>0</truncated>
    <difficult>0</difficult>
    <bndbox>
      <xmin>7</xmin>
      <ymin>35</ymin>
      <xmax>83</xmax>
      <ymax>131</ymax>
    </bndbox>
  </object>
  <object>
    <name>cat</name>
    <pose>Unspecified</pose>
    <truncated>0</truncated>
    <difficult>0</difficult>
    <bndbox>
      <xmin>173</xmin>
      <ymin>221</ymin>
      <xmax>435</xmax>
      <ymax>316</ymax>
    </bndbox>
  </object>
</annotation>