<annotation>
  <folder>train</folder>
  <filename>cats_030.jpg</filename>
  <path>cats_030.jpg</path>
  <source>
    <database>Unknown</database>
  </source>
  <size>
    <width>474</width>
    <height>266</height>
    <depth>3</depth>
  </size>
  <segmented>0</segmented>
  <object>
    <name>cat</name>
    <pose>Unspecified</pose>
    <truncated>0</truncated>
    <difficult>0</difficult>
    <bndbox>
      <xmin>1</xmin>
      <ymin>1</ymin>
      <xmax>474</xmax>
      <ymax>266</ymax>
    </bndbox>
  </object>
</annotation>