<annotation>
  <folder>train</folder>
  <filename>cats_071.jpg</filename>
  <path>cats_071.jpg</path>
  <source>
    <database>Unknown</database>
  </source>
  <size>
    <width>474</width>
    <height>296</height>
    <depth>1</depth>
  </size>
  <segmented>0</segmented>
  <object>
    <name>cat</name>
    <pose>Unspecified</pose>
    <truncated>0</truncated>
    <difficult>0</difficult>
    <bndbox>
      <xmin>60</xmin>
      <ymin>14</ymin>
      <xmax>374</xmax>
      <ymax>269</ymax>
    </bndbox>
  </object>
</annotation>