<annotation>
  <folder>train</folder>
  <filename>cats_042.jpg</filename>
  <path>cats_042.jpg</path>
  <source>
    <database>Unknown</database>
  </source>
  <size>
    <width>474</width>
    <height>338</height>
    <depth>3</depth>
  </size>
  <segmented>0</segmented>
  <object>
    <name>cat</name>
    <pose>Unspecified</pose>
    <truncated>0</truncated>
    <difficult>0</difficult>
    <bndbox>
      <xmin>107</xmin>
      <ymin>63</ymin>
      <xmax>371</xmax>
      <ymax>237</ymax>
    </bndbox>
  </object>
</annotation>