<annotation>
  <folder>train</folder>
  <filename>cats_024.jpg</filename>
  <path>cats_024.jpg</path>
  <source>
    <database>Unknown</database>
  </source>
  <size>
    <width>474</width>
    <height>338</height>
    <depth>3</depth>
  </size>
  <segmented>0</segmented>
  <object>
    <name>cat</name>
    <pose>Unspecified</pose>
    <truncated>0</truncated>
    <difficult>0</difficult>
    <bndbox>
      <xmin>80</xmin>
      <ymin>11</ymin>
      <xmax>390</xmax>
      <ymax>338</ymax>
    </bndbox>
  </object>
</annotation>