<annotation>
  <folder>train</folder>
  <filename>cats_064.jpg</filename>
  <path>cats_064.jpg</path>
  <source>
    <database>Unknown</database>
  </source>
  <size>
    <width>474</width>
    <height>355</height>
    <depth>3</depth>
  </size>
  <segmented>0</segmented>
  <object>
    <name>cat</name>
    <pose>Unspecified</pose>
    <truncated>0</truncated>
    <difficult>0</difficult>
    <bndbox>
      <xmin>92</xmin>
      <ymin>40</ymin>
      <xmax>221</xmax>
      <ymax>329</ymax>
    </bndbox>
  </object>
  <object>
    <name>cat</name>
    <pose>Unspecified</pose>
    <truncated>0</truncated>
    <difficult>0</difficult>
    <bndbox>
      <xmin>171</xmin>
      <ymin>72</ymin>
      <xmax>473</xmax>
      <ymax>312</ymax>
    </bndbox>
  </object>
</annotation>