<annotation>
  <folder>train</folder>
  <filename>cats_096.jpg</filename>
  <path>cats_096.jpg</path>
  <source>
    <database>Unknown</database>
  </source>
  <size>
    <width>474</width>
    <height>790</height>
    <depth>3</depth>
  </size>
  <segmented>0</segmented>
  <object>
    <name>cat</name>
    <pose>Unspecified</pose>
    <truncated>0</truncated>
    <difficult>0</difficult>
    <bndbox>
      <xmin>31</xmin>
      <ymin>54</ymin>
      <xmax>426</xmax>
      <ymax>746</ymax>
    </bndbox>
  </object>
</annotation>