<annotation>
  <folder>train</folder>
  <filename>dogs_and_cats_057.jpg</filename>
  <path>dogs_and_cats_057.jpg</path>
  <source>
    <database>Unknown</database>
  </source>
  <size>
    <width>474</width>
    <height>311</height>
    <depth>3</depth>
  </size>
  <segmented>0</segmented>
  <object>
    <name>cat</name>
    <pose>Unspecified</pose>
    <truncated>0</truncated>
    <difficult>0</difficult>
    <bndbox>
      <xmin>103</xmin>
      <ymin>54</ymin>
      <xmax>447</xmax>
      <ymax>306</ymax>
    </bndbox>
  </object>
  <object>
    <name>dog</name>
    <pose>Unspecified</pose>
    <truncated>0</truncated>
    <difficult>0</difficult>
    <bndbox>
      <xmin>40</xmin>
      <ymin>42</ymin>
      <xmax>339</xmax>
      <ymax>269</ymax>
    </bndbox>
  </object>
</annotation>