<annotation>
  <folder>train</folder>
  <filename>dogs_and_cats_052.jpg</filename>
  <path>dogs_and_cats_052.jpg</path>
  <source>
    <database>Unknown</database>
  </source>
  <size>
    <width>474</width>
    <height>474</height>
    <depth>3</depth>
  </size>
  <segmented>0</segmented>
  <object>
    <name>dog</name>
    <pose>Unspecified</pose>
    <truncated>0</truncated>
    <difficult>0</difficult>
    <bndbox>
      <xmin>53</xmin>
      <ymin>10</ymin>
      <xmax>415</xmax>
      <ymax>468</ymax>
    </bndbox>
  </object>
  <object>
    <name>cat</name>
    <pose>Unspecified</pose>
    <truncated>0</truncated>
    <difficult>0</difficult>
    <bndbox>
      <xmin>187</xmin>
      <ymin>74</ymin>
      <xmax>401</xmax>
      <ymax>462</ymax>
    </bndbox>
  </object>
</annotation>