<annotation>
  <folder>train</folder>
  <filename>dogs_and_cats_013.jpg</filename>
  <path>dogs_and_cats_013.jpg</path>
  <source>
    <database>Unknown</database>
  </source>
  <size>
    <width>474</width>
    <height>296</height>
    <depth>3</depth>
  </size>
  <segmented>0</segmented>
  <object>
    <name>dog</name>
    <pose>Unspecified</pose>
    <truncated>0</truncated>
    <difficult>0</difficult>
    <bndbox>
      <xmin>237</xmin>
      <ymin>18</ymin>
      <xmax>474</xmax>
      <ymax>296</ymax>
    </bndbox>
  </object>
  <object>
    <name>dog</name>
    <pose>Unspecified</pose>
    <truncated>0</truncated>
    <difficult>0</difficult>
    <bndbox>
      <xmin>26</xmin>
      <ymin>1</ymin>
      <xmax>474</xmax>
      <ymax>270</ymax>
    </bndbox>
  </object>
</annotation>