<annotation>
  <folder>train</folder>
  <filename>dogs_009.jpg</filename>
  <path>dogs_009.jpg</path>
  <source>
    <database>Unknown</database>
  </source>
  <size>
    <width>474</width>
    <height>355</height>
    <depth>3</depth>
  </size>
  <segmented>0</segmented>
  <object>
    <name>dog</name>
    <pose>Unspecified</pose>
    <truncated>0</truncated>
    <difficult>0</difficult>
    <bndbox>
      <xmin>18</xmin>
      <ymin>10</ymin>
      <xmax>266</xmax>
      <ymax>346</ymax>
    </bndbox>
  </object>
  <object>
    <name>dog</name>
    <pose>Unspecified</pose>
    <truncated>0</truncated>
    <difficult>0</difficult>
    <bndbox>
      <xmin>210</xmin>
      <ymin>86</ymin>
      <xmax>462</xmax>
      <ymax>344</ymax>
    </bndbox>
  </object>
</annotation>