<annotation>
  <folder>train</folder>
  <filename>dogs_and_cats_034.jpg</filename>
  <path>dogs_and_cats_034.jpg</path>
  <source>
    <database>Unknown</database>
  </source>
  <size>
    <width>474</width>
    <height>315</height>
    <depth>3</depth>
  </size>
  <segmented>0</segmented>
  <object>
    <name>cat</name>
    <pose>Unspecified</pose>
    <truncated>0</truncated>
    <difficult>0</difficult>
    <bndbox>
      <xmin>233</xmin>
      <ymin>110</ymin>
      <xmax>448</xmax>
      <ymax>208</ymax>
    </bndbox>
  </object>
  <object>
    <name>dog</name>
    <pose>Unspecified</pose>
    <truncated>0</truncated>
    <difficult>0</difficult>
    <bndbox>
      <xmin>34</xmin>
      <ymin>95</ymin>
      <xmax>398</xmax>
      <ymax>209</ymax>
    </bndbox>
  </object>
</annotation>