<annotation>
  <folder>train</folder>
  <filename>dogs_026.jpg</filename>
  <path>dogs_026.jpg</path>
  <source>
    <database>Unknown</database>
  </source>
  <size>
    <width>474</width>
    <height>309</height>
    <depth>3</depth>
  </size>
  <segmented>0</segmented>
  <object>
    <name>dog</name>
    <pose>Unspecified</pose>
    <truncated>0</truncated>
    <difficult>0</difficult>
    <bndbox>
      <xmin>75</xmin>
      <ymin>25</ymin>
      <xmax>356</xmax>
      <ymax>308</ymax>
    </bndbox>
  </object>
</annotation>