<annotation>
  <folder>train</folder>
  <filename>dogs_078.jpg</filename>
  <path>dogs_078.jpg</path>
  <source>
    <database>Unknown</database>
  </source>
  <size>
    <width>300</width>
    <height>225</height>
    <depth>3</depth>
  </size>
  <segmented>0</segmented>
  <object>
    <name>dog</name>
    <pose>Unspecified</pose>
    <truncated>0</truncated>
    <difficult>0</difficult>
    <bndbox>
      <xmin>159</xmin>
      <ymin>50</ymin>
      <xmax>265</xmax>
      <ymax>188</ymax>
    </bndbox>
  </object>
  <object>
    <name>dog</name>
    <pose>Unspecified</pose>
    <truncated>0</truncated>
    <difficult>0</difficult>
    <bndbox>
      <xmin>36</xmin>
      <ymin>39</ymin>
      <xmax>174</xmax>
      <ymax>166</ymax>
    </bndbox>
  </object>
</annotation>