<annotation>
  <folder>train</folder>
  <filename>dogs_and_cats_039.jpg</filename>
  <path>dogs_and_cats_039.jpg</path>
  <source>
    <database>Unknown</database>
  </source>
  <size>
    <width>474</width>
    <height>474</height>
    <depth>3</depth>
  </size>
  <segmented>0</segmented>
  <object>
    <name>dog</name>
    <pose>Unspecified</pose>
    <truncated>0</truncated>
    <difficult>0</difficult>
    <bndbox>
      <xmin>83</xmin>
      <ymin>67</ymin>
      <xmax>247</xmax>
      <ymax>250</ymax>
    </bndbox>
  </object>
  <object>
    <name>cat</name>
    <pose>Unspecified</pose>
    <truncated>0</truncated>
    <difficult>0</difficult>
    <bndbox>
      <xmin>143</xmin>
      <ymin>250</ymin>
      <xmax>271</xmax>
      <ymax>457</ymax>
    </bndbox>
  </object>
</annotation>