<annotation>
  <folder>train</folder>
  <filename>dogs_055.jpg</filename>
  <path>dogs_055.jpg</path>
  <source>
    <database>Unknown</database>
  </source>
  <size>
    <width>474</width>
    <height>338</height>
    <depth>3</depth>
  </size>
  <segmented>0</segmented>
  <object>
    <name>dog</name>
    <pose>Unspecified</pose>
    <truncated>0</truncated>
    <difficult>0</difficult>
    <bndbox>
      <xmin>20</xmin>
      <ymin>61</ymin>
      <xmax>389</xmax>
      <ymax>328</ymax>
    </bndbox>
  </object>
</annotation>