<annotation>
  <folder>train</folder>
  <filename>dogs_and_cats_092.jpg</filename>
  <path>dogs_and_cats_092.jpg</path>
  <source>
    <database>Unknown</database>
  </source>
  <size>
    <width>474</width>
    <height>592</height>
    <depth>3</depth>
  </size>
  <segmented>0</segmented>
  <object>
    <name>dog</name>
    <pose>Unspecified</pose>
    <truncated>0</truncated>
    <difficult>0</difficult>
    <bndbox>
      <xmin>94</xmin>
      <ymin>242</ymin>
      <xmax>474</xmax>
      <ymax>592</ymax>
    </bndbox>
  </object>
  <object>
    <name>cat</name>
    <pose>Unspecified</pose>
    <truncated>0</truncated>
    <difficult>0</difficult>
    <bndbox>
      <xmin>98</xmin>
      <ymin>159</ymin>
      <xmax>320</xmax>
      <ymax>360</ymax>
    </bndbox>
  </object>
</annotation>