<annotation>
  <folder>train</folder>
  <filename>dogs_034.jpg</filename>
  <path>dogs_034.jpg</path>
  <source>
    <database>Unknown</database>
  </source>
  <size>
    <width>474</width>
    <height>663</height>
    <depth>3</depth>
  </size>
  <segmented>0</segmented>
  <object>
    <name>dog</name>
    <pose>Unspecified</pose>
    <truncated>0</truncated>
    <difficult>0</difficult>
    <bndbox>
      <xmin>136</xmin>
      <ymin>130</ymin>
      <xmax>337</xmax>
      <ymax>566</ymax>
    </bndbox>
  </object>
</annotation>