<annotation>
  <folder>train</folder>
  <filename>dogs_and_cats_033.jpg</filename>
  <path>dogs_and_cats_033.jpg</path>
  <source>
    <database>Unknown</database>
  </source>
  <size>
    <width>474</width>
    <height>711</height>
    <depth>3</depth>
  </size>
  <segmented>0</segmented>
  <object>
    <name>cat</name>
    <pose>Unspecified</pose>
    <truncated>0</truncated>
    <difficult>0</difficult>
    <bndbox>
      <xmin>261</xmin>
      <ymin>298</ymin>
      <xmax>445</xmax>
      <ymax>663</ymax>
    </bndbox>
  </object>
  <object>
    <name>dog</name>
    <pose>Unspecified</pose>
    <truncated>0</truncated>
    <difficult>0</difficult>
    <bndbox>
      <xmin>1</xmin>
      <ymin>121</ymin>
      <xmax>324</xmax>
      <ymax>648</ymax>
    </bndbox>
  </object>
</annotation>