<annotation>
  <folder>train</folder>
  <filename>dogs_and_cats_071.jpg</filename>
  <path>dogs_and_cats_071.jpg</path>
  <source>
    <database>Unknown</database>
  </source>
  <size>
    <width>474</width>
    <height>296</height>
    <depth>3</depth>
  </size>
  <segmented>0</segmented>
  <object>
    <name>dog</name>
    <pose>Unspecified</pose>
    <truncated>0</truncated>
    <difficult>0</difficult>
    <bndbox>
      <xmin>3</xmin>
      <ymin>64</ymin>
      <xmax>252</xmax>
      <ymax>291</ymax>
    </bndbox>
  </object>
  <object>
    <name>cat</name>
    <pose>Unspecified</pose>
    <truncated>0</truncated>
    <difficult>0</difficult>
    <bndbox>
      <xmin>299</xmin>
      <ymin>51</ymin>
      <xmax>474</xmax>
      <ymax>294</ymax>
    </bndbox>
  </object>
</annotation>