<annotation>
  <folder>train</folder>
  <filename>dogs_077.jpg</filename>
  <path>dogs_077.jpg</path>
  <source>
    <database>Unknown</database>
  </source>
  <size>
    <width>474</width>
    <height>316</height>
    <depth>3</depth>
  </size>
  <segmented>0</segmented>
  <object>
    <name>dog</name>
    <pose>Unspecified</pose>
    <truncated>0</truncated>
    <difficult>0</difficult>
    <bndbox>
      <xmin>165</xmin>
      <ymin>1</ymin>
      <xmax>360</xmax>
      <ymax>290</ymax>
    </bndbox>
  </object>
</annotation>