<annotation>
  <folder>train</folder>
  <filename>dogs_and_cats_031.jpg</filename>
  <path>dogs_and_cats_031.jpg</path>
  <source>
    <database>Unknown</database>
  </source>
  <size>
    <width>474</width>
    <height>315</height>
    <depth>3</depth>
  </size>
  <segmented>0</segmented>
  <object>
    <name>dog</name>
    <pose>Unspecified</pose>
    <truncated>0</truncated>
    <difficult>0</difficult>
    <bndbox>
      <xmin>99</xmin>
      <ymin>47</ymin>
      <xmax>404</xmax>
      <ymax>265</ymax>
    </bndbox>
  </object>
  <object>
    <name>cat</name>
    <pose>Unspecified</pose>
    <truncated>0</truncated>
    <difficult>0</difficult>
    <bndbox>
      <xmin>1</xmin>
      <ymin>119</ymin>
      <xmax>282</xmax>
      <ymax>256</ymax>
    </bndbox>
  </object>
</annotation>