<annotation>
  <folder>train</folder>
  <filename>dogs_and_cats_036.jpg</filename>
  <path>dogs_and_cats_036.jpg</path>
  <source>
    <database>Unknown</database>
  </source>
  <size>
    <width>474</width>
    <height>353</height>
    <depth>3</depth>
  </size>
  <segmented>0</segmented>
  <object>
    <name>cat</name>
    <pose>Unspecified</pose>
    <truncated>0</truncated>
    <difficult>0</difficult>
    <bndbox>
      <xmin>86</xmin>
      <ymin>172</ymin>
      <xmax>383</xmax>
      <ymax>353</ymax>
    </bndbox>
  </object>
  <object>
    <name>dog</name>
    <pose>Unspecified</pose>
    <truncated>0</truncated>
    <difficult>0</difficult>
    <bndbox>
      <xmin>38</xmin>
      <ymin>2</ymin>
      <xmax>417</xmax>
      <ymax>353</ymax>
    </bndbox>
  </object>
</annotation>