<annotation>
  <folder>train</folder>
  <filename>dogs_018.jpg</filename>
  <path>dogs_018.jpg</path>
  <source>
    <database>Unknown</database>
  </source>
  <size>
    <width>474</width>
    <height>367</height>
    <depth>3</depth>
  </size>
  <segmented>0</segmented>
  <object>
    <name>dog</name>
    <pose>Unspecified</pose>
    <truncated>0</truncated>
    <difficult>0</difficult>
    <bndbox>
      <xmin>8</xmin>
      <ymin>46</ymin>
      <xmax>228</xmax>
      <ymax>346</ymax>
    </bndbox>
  </object>
  <object>
    <name>dog</name>
    <pose>Unspecified</pose>
    <truncated>0</truncated>
    <difficult>0</difficult>
    <bndbox>
      <xmin>240</xmin>
      <ymin>59</ymin>
      <xmax>474</xmax>
      <ymax>357</ymax>
    </bndbox>
  </object>
</annotation>