<annotation>
  <folder>train</folder>
  <filename>dogs_and_cats_073.jpg</filename>
  <path>dogs_and_cats_073.jpg</path>
  <source>
    <database>Unknown</database>
  </source>
  <size>
    <width>460</width>
    <height>287</height>
    <depth>3</depth>
  </size>
  <segmented>0</segmented>
  <object>
    <name>cat</name>
    <pose>Unspecified</pose>
    <truncated>0</truncated>
    <difficult>0</difficult>
    <bndbox>
      <xmin>215</xmin>
      <ymin>4</ymin>
      <xmax>460</xmax>
      <ymax>287</ymax>
    </bndbox>
  </object>
  <object>
    <name>dog</name>
    <pose>Unspecified</pose>
    <truncated>0</truncated>
    <difficult>0</difficult>
    <bndbox>
      <xmin>18</xmin>
      <ymin>16</ymin>
      <xmax>223</xmax>
      <ymax>287</ymax>
    </bndbox>
  </object>
</annotation>