<annotation>
  <folder>train</folder>
  <filename>dogs_and_cats_044.jpg</filename>
  <path>dogs_and_cats_044.jpg</path>
  <source>
    <database>Unknown</database>
  </source>
  <size>
    <width>474</width>
    <height>266</height>
    <depth>3</depth>
  </size>
  <segmented>0</segmented>
  <object>
    <name>cat</name>
    <pose>Unspecified</pose>
    <truncated>0</truncated>
    <difficult>0</difficult>
    <bndbox>
      <xmin>1</xmin>
      <ymin>47</ymin>
      <xmax>279</xmax>
      <ymax>242</ymax>
    </bndbox>
  </object>
  <object>
    <name>dog</name>
    <pose>Unspecified</pose>
    <truncated>0</truncated>
    <difficult>0</difficult>
    <bndbox>
      <xmin>132</xmin>
      <ymin>39</ymin>
      <xmax>474</xmax>
      <ymax>215</ymax>
    </bndbox>
  </object>
</annotation>