<annotation>
  <folder>train</folder>
  <filename>dogs_and_cats_045.jpg</filename>
  <path>dogs_and_cats_045.jpg</path>
  <source>
    <database>Unknown</database>
  </source>
  <size>
    <width>474</width>
    <height>265</height>
    <depth>3</depth>
  </size>
  <segmented>0</segmented>
  <object>
    <name>cat</name>
    <pose>Unspecified</pose>
    <truncated>0</truncated>
    <difficult>0</difficult>
    <bndbox>
      <xmin>192</xmin>
      <ymin>7</ymin>
      <xmax>405</xmax>
      <ymax>171</ymax>
    </bndbox>
  </object>
  <object>
    <name>dog</name>
    <pose>Unspecified</pose>
    <truncated>0</truncated>
    <difficult>0</difficult>
    <bndbox>
      <xmin>1</xmin>
      <ymin>37</ymin>
      <xmax>336</xmax>
      <ymax>254</ymax>
    </bndbox>
  </object>
</annotation>