<annotation>
  <folder>train</folder>
  <filename>dogs_and_cats_076.jpg</filename>
  <path>dogs_and_cats_076.jpg</path>
  <source>
    <database>Unknown</database>
  </source>
  <size>
    <width>474</width>
    <height>266</height>
    <depth>3</depth>
  </size>
  <segmented>0</segmented>
  <object>
    <name>cat</name>
    <pose>Unspecified</pose>
    <truncated>0</truncated>
    <difficult>0</difficult>
    <bndbox>
      <xmin>94</xmin>
      <ymin>56</ymin>
      <xmax>251</xmax>
      <ymax>200</ymax>
    </bndbox>
  </object>
  <object>
    <name>dog</name>
    <pose>Unspecified</pose>
    <truncated>0</truncated>
    <difficult>0</difficult>
    <bndbox>
      <xmin>191</xmin>
      <ymin>60</ymin>
      <xmax>474</xmax>
      <ymax>216</ymax>
    </bndbox>
  </object>
</annotation>