<annotation>
  <folder>train</folder>
  <filename>dogs_and_cats_002.jpg</filename>
  <path>dogs_and_cats_002.jpg</path>
  <source>
    <database>Unknown</database>
  </source>
  <size>
    <width>474</width>
    <height>248</height>
    <depth>3</depth>
  </size>
  <segmented>0</segmented>
  <object>
    <name>cat</name>
    <pose>Unspecified</pose>
    <truncated>0</truncated>
    <difficult>0</difficult>
    <bndbox>
      <xmin>40</xmin>
      <ymin>99</ymin>
      <xmax>252</xmax>
      <ymax>239</ymax>
    </bndbox>
  </object>
  <object>
    <name>dog</name>
    <pose>Unspecified</pose>
    <truncated>0</truncated>
    <difficult>0</difficult>
    <bndbox>
      <xmin>248</xmin>
      <ymin>72</ymin>
      <xmax>464</xmax>
      <ymax>244</ymax>
    </bndbox>
  </object>
</annotation>