<annotation>
  <folder>train</folder>
  <filename>dogs_and_cats_090.jpg</filename>
  <path>dogs_and_cats_090.jpg</path>
  <source>
    <database>Unknown</database>
  </source>
  <size>
    <width>474</width>
    <height>357</height>
    <depth>3</depth>
  </size>
  <segmented>0</segmented>
  <object>
    <name>dog</name>
    <pose>Unspecified</pose>
    <truncated>0</truncated>
    <difficult>0</difficult>
    <bndbox>
      <xmin>67</xmin>
      <ymin>62</ymin>
      <xmax>188</xmax>
      <ymax>304</ymax>
    </bndbox>
  </object>
  <object>
    <name>dog</name>
    <pose>Unspecified</pose>
    <truncated>0</truncated>
    <difficult>0</difficult>
    <bndbox>
      <xmin>208</xmin>
      <ymin>31</ymin>
      <xmax>379</xmax>
      <ymax>264</ymax>
    </bndbox>
  </object>
  <object>
    <name>dog</name>
    <pose>Unspecified</pose>
    <truncated>0</truncated>
    <difficult>0</difficult>
    <bndbox>
      <xmin>166</xmin>
      <ymin>104</ymin>
      <xmax>310</xmax>
      <ymax>357</ymax>
    </bndbox>
  </object>
</annotation>