<annotation>
  <folder>train</folder>
  <filename>dogs_and_cats_053.jpg</filename>
  <path>dogs_and_cats_053.jpg</path>
  <source>
    <database>Unknown</database>
  </source>
  <size>
    <width>474</width>
    <height>474</height>
    <depth>3</depth>
  </size>
  <segmented>0</segmented>
  <object>
    <name>cat</name>
    <pose>Unspecified</pose>
    <truncated>0</truncated>
    <difficult>0</difficult>
    <bndbox>
      <xmin>1</xmin>
      <ymin>130</ymin>
      <xmax>244</xmax>
      <ymax>356</ymax>
    </bndbox>
  </object>
  <object>
    <name>dog</name>
    <pose>Unspecified</pose>
    <truncated>0</truncated>
    <difficult>0</difficult>
    <bndbox>
      <xmin>198</xmin>
      <ymin>109</ymin>
      <xmax>455</xmax>
      <ymax>362</ymax>
    </bndbox>
  </object>
</annotation>