<annotation>
  <folder>train</folder>
  <filename>dogs_and_cats_097.jpg</filename>
  <path>dogs_and_cats_097.jpg</path>
  <source>
    <database>Unknown</database>
  </source>
  <size>
    <width>474</width>
    <height>333</height>
    <depth>3</depth>
  </size>
  <segmented>0</segmented>
  <object>
    <name>dog</name>
    <pose>Unspecified</pose>
    <truncated>0</truncated>
    <difficult>0</difficult>
    <bndbox>
      <xmin>1</xmin>
      <ymin>1</ymin>
      <xmax>402</xmax>
      <ymax>333</ymax>
    </bndbox>
  </object>
  <object>
    <name>cat</name>
    <pose>Unspecified</pose>
    <truncated>0</truncated>
    <difficult>0</difficult>
    <bndbox>
      <xmin>223</xmin>
      <ymin>140</ymin>
      <xmax>413</xmax>
      <ymax>327</ymax>
    </bndbox>
  </object>
</annotation>