<annotation>
  <folder>train</folder>
  <filename>dogs_030.jpg</filename>
  <path>dogs_030.jpg</path>
  <source>
    <database>Unknown</database>
  </source>
  <size>
    <width>474</width>
    <height>443</height>
    <depth>3</depth>
  </size>
  <segmented>0</segmented>
  <object>
    <name>dog</name>
    <pose>Unspecified</pose>
    <truncated>0</truncated>
    <difficult>0</difficult>
    <bndbox>
      <xmin>60</xmin>
      <ymin>25</ymin>
      <xmax>466</xmax>
      <ymax>430</ymax>
    </bndbox>
  </object>
</annotation>