<annotation>
  <folder>train</folder>
  <filename>dogs_and_cats_075.jpg</filename>
  <path>dogs_and_cats_075.jpg</path>
  <source>
    <database>Unknown</database>
  </source>
  <size>
    <width>474</width>
    <height>355</height>
    <depth>3</depth>
  </size>
  <segmented>0</segmented>
  <object>
    <name>dog</name>
    <pose>Unspecified</pose>
    <truncated>0</truncated>
    <difficult>0</difficult>
    <bndbox>
      <xmin>32</xmin>
      <ymin>103</ymin>
      <xmax>420</xmax>
      <ymax>283</ymax>
    </bndbox>
  </object>
  <object>
    <name>cat</name>
    <pose>Unspecified</pose>
    <truncated>0</truncated>
    <difficult>0</difficult>
    <bndbox>
      <xmin>226</xmin>
      <ymin>73</ymin>
      <xmax>396</xmax>
      <ymax>162</ymax>
    </bndbox>
  </object>
</annotation>