<annotation>
  <folder>train</folder>
  <filename>dogs_and_cats_040.jpg</filename>
  <path>dogs_and_cats_040.jpg</path>
  <source>
    <database>Unknown</database>
  </source>
  <size>
    <width>474</width>
    <height>633</height>
    <depth>3</depth>
  </size>
  <segmented>0</segmented>
  <object>
    <name>cat</name>
    <pose>Unspecified</pose>
    <truncated>0</truncated>
    <difficult>0</difficult>
    <bndbox>
      <xmin>29</xmin>
      <ymin>294</ymin>
      <xmax>267</xmax>
      <ymax>537</ymax>
    </bndbox>
  </object>
  <object>
    <name>dog</name>
    <pose>Unspecified</pose>
    <truncated>0</truncated>
    <difficult>0</difficult>
    <bndbox>
      <xmin>26</xmin>
      <ymin>61</ymin>
      <xmax>403</xmax>
      <ymax>530</ymax>
    </bndbox>
  </object>
</annotation>