<annotation>
  <folder>train</folder>
  <filename>dogs_and_cats_006.jpg</filename>
  <path>dogs_and_cats_006.jpg</path>
  <source>
    <database>Unknown</database>
  </source>
  <size>
    <width>474</width>
    <height>355</height>
    <depth>3</depth>
  </size>
  <segmented>0</segmented>
  <object>
    <name>dog</name>
    <pose>Unspecified</pose>
    <truncated>0</truncated>
    <difficult>0</difficult>
    <bndbox>
      <xmin>20</xmin>
      <ymin>1</ymin>
      <xmax>279</xmax>
      <ymax>291</ymax>
    </bndbox>
  </object>
  <object>
    <name>cat</name>
    <pose>Unspecified</pose>
    <truncated>0</truncated>
    <difficult>0</difficult>
    <bndbox>
      <xmin>281</xmin>
      <ymin>59</ymin>
      <xmax>472</xmax>
      <ymax>311</ymax>
    </bndbox>
  </object>
</annotation>