<annotation>
  <folder>train</folder>
  <filename>dogs_and_cats_083.jpg</filename>
  <path>dogs_and_cats_083.jpg</path>
  <source>
    <database>Unknown</database>
  </source>
  <size>
    <width>474</width>
    <height>329</height>
    <depth>3</depth>
  </size>
  <segmented>0</segmented>
  <object>
    <name>cat</name>
    <pose>Unspecified</pose>
    <truncated>0</truncated>
    <difficult>0</difficult>
    <bndbox>
      <xmin>218</xmin>
      <ymin>32</ymin>
      <xmax>359</xmax>
      <ymax>138</ymax>
    </bndbox>
  </object>
  <object>
    <name>dog</name>
    <pose>Unspecified</pose>
    <truncated>0</truncated>
    <difficult>0</difficult>
    <bndbox>
      <xmin>4</xmin>
      <ymin>71</ymin>
      <xmax>459</xmax>
      <ymax>312</ymax>
    </bndbox>
  </object>
</annotation>