<annotation>
  <folder>train</folder>
  <filename>dogs_and_cats_005.jpg</filename>
  <path>dogs_and_cats_005.jpg</path>
  <source>
    <database>Unknown</database>
  </source>
  <size>
    <width>474</width>
    <height>266</height>
    <depth>3</depth>
  </size>
  <segmented>0</segmented>
  <object>
    <name>cat</name>
    <pose>Unspecified</pose>
    <truncated>0</truncated>
    <difficult>0</difficult>
    <bndbox>
      <xmin>250</xmin>
      <ymin>135</ymin>
      <xmax>474</xmax>
      <ymax>217</ymax>
    </bndbox>
  </object>
  <object>
    <name>dog</name>
    <pose>Unspecified</pose>
    <truncated>0</truncated>
    <difficult>0</difficult>
    <bndbox>
      <xmin>26</xmin>
      <ymin>50</ymin>
      <xmax>344</xmax>
      <ymax>218</ymax>
    </bndbox>
  </object>
</annotation>