<annotation>
  <folder>train</folder>
  <filename>dogs_and_cats_020.jpg</filename>
  <path>dogs_and_cats_020.jpg</path>
  <source>
    <database>Unknown</database>
  </source>
  <size>
    <width>474</width>
    <height>316</height>
    <depth>3</depth>
  </size>
  <segmented>0</segmented>
  <object>
    <name>cat</name>
    <pose>Unspecified</pose>
    <truncated>0</truncated>
    <difficult>0</difficult>
    <bndbox>
      <xmin>132</xmin>
      <ymin>25</ymin>
      <xmax>463</xmax>
      <ymax>308</ymax>
    </bndbox>
  </object>
  <object>
    <name>dog</name>
    <pose>Unspecified</pose>
    <truncated>0</truncated>
    <difficult>0</difficult>
    <bndbox>
      <xmin>54</xmin>
      <ymin>30</ymin>
      <xmax>307</xmax>
      <ymax>221</ymax>
    </bndbox>
  </object>
</annotation>