<annotation>
  <folder>train</folder>
  <filename>dogs_087.jpg</filename>
  <path>dogs_087.jpg</path>
  <source>
    <database>Unknown</database>
  </source>
  <size>
    <width>474</width>
    <height>632</height>
    <depth>3</depth>
  </size>
  <segmented>0</segmented>
  <object>
    <name>dog</name>
    <pose>Unspecified</pose>
    <truncated>0</truncated>
    <difficult>0</difficult>
    <bndbox>
      <xmin>5</xmin>
      <ymin>64</ymin>
      <xmax>445</xmax>
      <ymax>574</ymax>
    </bndbox>
  </object>
</annotation>