<annotation>
  <folder>train</folder>
  <filename>dogs_076.jpg</filename>
  <path>dogs_076.jpg</path>
  <source>
    <database>Unknown</database>
  </source>
  <size>
    <width>474</width>
    <height>248</height>
    <depth>3</depth>
  </size>
  <segmented>0</segmented>
  <object>
    <name>dog</name>
    <pose>Unspecified</pose>
    <truncated>0</truncated>
    <difficult>0</difficult>
    <bndbox>
      <xmin>187</xmin>
      <ymin>6</ymin>
      <xmax>376</xmax>
      <ymax>248</ymax>
    </bndbox>
  </object>
</annotation>