<annotation>
  <folder>train</folder>
  <filename>dogs_and_cats_066.jpg</filename>
  <path>dogs_and_cats_066.jpg</path>
  <source>
    <database>Unknown</database>
  </source>
  <size>
    <width>450</width>
    <height>270</height>
    <depth>3</depth>
  </size>
  <segmented>0</segmented>
  <object>
    <name>cat</name>
    <pose>Unspecified</pose>
    <truncated>0</truncated>
    <difficult>0</difficult>
    <bndbox>
      <xmin>1</xmin>
      <ymin>40</ymin>
      <xmax>290</xmax>
      <ymax>270</ymax>
    </bndbox>
  </object>
  <object>
    <name>dog</name>
    <pose>Unspecified</pose>
    <truncated>0</truncated>
    <difficult>0</difficult>
    <bndbox>
      <xmin>1</xmin>
      <ymin>26</ymin>
      <xmax>449</xmax>
      <ymax>270</ymax>
    </bndbox>
  </object>
</annotation>