<annotation>
  <folder>train</folder>
  <filename>dogs_and_cats_089.jpg</filename>
  <path>dogs_and_cats_089.jpg</path>
  <source>
    <database>Unknown</database>
  </source>
  <size>
    <width>474</width>
    <height>315</height>
    <depth>3</depth>
  </size>
  <segmented>0</segmented>
  <object>
    <name>cat</name>
    <pose>Unspecified</pose>
    <truncated>0</truncated>
    <difficult>0</difficult>
    <bndbox>
      <xmin>81</xmin>
      <ymin>77</ymin>
      <xmax>227</xmax>
      <ymax>284</ymax>
    </bndbox>
  </object>
  <object>
    <name>dog</name>
    <pose>Unspecified</pose>
    <truncated>0</truncated>
    <difficult>0</difficult>
    <bndbox>
      <xmin>154</xmin>
      <ymin>38</ymin>
      <xmax>436</xmax>
      <ymax>288</ymax>
    </bndbox>
  </object>
</annotation>