<annotation>
  <folder>train</folder>
  <filename>dogs_095.jpg</filename>
  <path>dogs_095.jpg</path>
  <source>
    <database>Unknown</database>
  </source>
  <size>
    <width>270</width>
    <height>367</height>
    <depth>3</depth>
  </size>
  <segmented>0</segmented>
  <object>
    <name>dog</name>
    <pose>Unspecified</pose>
    <truncated>0</truncated>
    <difficult>0</difficult>
    <bndbox>
      <xmin>10</xmin>
      <ymin>59</ymin>
      <xmax>269</xmax>
      <ymax>349</ymax>
    </bndbox>
  </object>
</annotation>