<annotation>
  <folder>train</folder>
  <filename>dogs_and_cats_088.jpg</filename>
  <path>dogs_and_cats_088.jpg</path>
  <source>
    <database>Unknown</database>
  </source>
  <size>
    <width>474</width>
    <height>296</height>
    <depth>3</depth>
  </size>
  <segmented>0</segmented>
  <object>
    <name>cat</name>
    <pose>Unspecified</pose>
    <truncated>0</truncated>
    <difficult>0</difficult>
    <bndbox>
      <xmin>287</xmin>
      <ymin>149</ymin>
      <xmax>399</xmax>
      <ymax>277</ymax>
    </bndbox>
  </object>
  <object>
    <name>dog</name>
    <pose>Unspecified</pose>
    <truncated>0</truncated>
    <difficult>0</difficult>
    <bndbox>
      <xmin>62</xmin>
      <ymin>45</ymin>
      <xmax>279</xmax>
      <ymax>284</ymax>
    </bndbox>
  </object>
</annotation>