<annotation>
  <folder>train</folder>
  <filename>dogs_and_cats_070.jpg</filename>
  <path>dogs_and_cats_070.jpg</path>
  <source>
    <database>Unknown</database>
  </source>
  <size>
    <width>474</width>
    <height>343</height>
    <depth>3</depth>
  </size>
  <segmented>0</segmented>
  <object>
    <name>cat</name>
    <pose>Unspecified</pose>
    <truncated>0</truncated>
    <difficult>0</difficult>
    <bndbox>
      <xmin>1</xmin>
      <ymin>42</ymin>
      <xmax>225</xmax>
      <ymax>306</ymax>
    </bndbox>
  </object>
  <object>
    <name>dog</name>
    <pose>Unspecified</pose>
    <truncated>0</truncated>
    <difficult>0</difficult>
    <bndbox>
      <xmin>202</xmin>
      <ymin>43</ymin>
      <xmax>452</xmax>
      <ymax>243</ymax>
    </bndbox>
  </object>
</annotation>