<annotation>
  <folder>train</folder>
  <filename>dogs_and_cats_015.jpg</filename>
  <path>dogs_and_cats_015.jpg</path>
  <source>
    <database>Unknown</database>
  </source>
  <size>
    <width>474</width>
    <height>355</height>
    <depth>3</depth>
  </size>
  <segmented>0</segmented>
  <object>
    <name>dog</name>
    <pose>Unspecified</pose>
    <truncated>0</truncated>
    <difficult>0</difficult>
    <bndbox>
      <xmin>1</xmin>
      <ymin>10</ymin>
      <xmax>430</xmax>
      <ymax>355</ymax>
    </bndbox>
  </object>
  <object>
    <name>cat</name>
    <pose>Unspecified</pose>
    <truncated>0</truncated>
    <difficult>0</difficult>
    <bndbox>
      <xmin>2</xmin>
      <ymin>127</ymin>
      <xmax>220</xmax>
      <ymax>343</ymax>
    </bndbox>
  </object>
</annotation>