<annotation>
  <folder>train</folder>
  <filename>dogs_and_cats_026.jpg</filename>
  <path>dogs_and_cats_026.jpg</path>
  <source>
    <database>Unknown</database>
  </source>
  <size>
    <width>474</width>
    <height>355</height>
    <depth>3</depth>
  </size>
  <segmented>0</segmented>
  <object>
    <name>cat</name>
    <pose>Unspecified</pose>
    <truncated>0</truncated>
    <difficult>0</difficult>
    <bndbox>
      <xmin>2</xmin>
      <ymin>60</ymin>
      <xmax>192</xmax>
      <ymax>311</ymax>
    </bndbox>
  </object>
  <object>
    <name>dog</name>
    <pose>Unspecified</pose>
    <truncated>0</truncated>
    <difficult>0</difficult>
    <bndbox>
      <xmin>194</xmin>
      <ymin>1</ymin>
      <xmax>449</xmax>
      <ymax>288</ymax>
    </bndbox>
  </object>
</annotation>