<annotation>
  <folder>train</folder>
  <filename>dogs_and_cats_025.jpg</filename>
  <path>dogs_and_cats_025.jpg</path>
  <source>
    <database>Unknown</database>
  </source>
  <size>
    <width>474</width>
    <height>343</height>
    <depth>3</depth>
  </size>
  <segmented>0</segmented>
  <object>
    <name>dog</name>
    <pose>Unspecified</pose>
    <truncated>0</truncated>
    <difficult>0</difficult>
    <bndbox>
      <xmin>14</xmin>
      <ymin>20</ymin>
      <xmax>417</xmax>
      <ymax>261</ymax>
    </bndbox>
  </object>
  <object>
    <name>cat</name>
    <pose>Unspecified</pose>
    <truncated>0</truncated>
    <difficult>0</difficult>
    <bndbox>
      <xmin>98</xmin>
      <ymin>151</ymin>
      <xmax>304</xmax>
      <ymax>259</ymax>
    </bndbox>
  </object>
</annotation>