<annotation>
  <folder>train</folder>
  <filename>dogs_and_cats_094.jpg</filename>
  <path>dogs_and_cats_094.jpg</path>
  <source>
    <database>Unknown</database>
  </source>
  <size>
    <width>474</width>
    <height>296</height>
    <depth>3</depth>
  </size>
  <segmented>0</segmented>
  <object>
    <name>dog</name>
    <pose>Unspecified</pose>
    <truncated>0</truncated>
    <difficult>0</difficult>
    <bndbox>
      <xmin>23</xmin>
      <ymin>1</ymin>
      <xmax>370</xmax>
      <ymax>296</ymax>
    </bndbox>
  </object>
  <object>
    <name>cat</name>
    <pose>Unspecified</pose>
    <truncated>0</truncated>
    <difficult>0</difficult>
    <bndbox>
      <xmin>142</xmin>
      <ymin>196</ymin>
      <xmax>308</xmax>
      <ymax>294</ymax>
    </bndbox>
  </object>
</annotation>