<annotation>
  <folder>train</folder>
  <filename>dogs_045.jpg</filename>
  <path>dogs_045.jpg</path>
  <source>
    <database>Unknown</database>
  </source>
  <size>
    <width>474</width>
    <height>355</height>
    <depth>3</depth>
  </size>
  <segmented>0</segmented>
  <object>
    <name>dog</name>
    <pose>Unspecified</pose>
    <truncated>0</truncated>
    <difficult>0</difficult>
    <bndbox>
      <xmin>95</xmin>
      <ymin>36</ymin>
      <xmax>348</xmax>
      <ymax>328</ymax>
    </bndbox>
  </object>
</annotation>