<annotation>
  <folder>train</folder>
  <filename>dogs_056.jpg</filename>
  <path>dogs_056.jpg</path>
  <source>
    <database>Unknown</database>
  </source>
  <size>
    <width>474</width>
    <height>632</height>
    <depth>3</depth>
  </size>
  <segmented>0</segmented>
  <object>
    <name>dog</name>
    <pose>Unspecified</pose>
    <truncated>0</truncated>
    <difficult>0</difficult>
    <bndbox>
      <xmin>1</xmin>
      <ymin>112</ymin>
      <xmax>366</xmax>
      <ymax>614</ymax>
    </bndbox>
  </object>
</annotation>