<annotation>
  <folder>train</folder>
  <filename>dogs_and_cats_038.jpg</filename>
  <path>dogs_and_cats_038.jpg</path>
  <source>
    <database>Unknown</database>
  </source>
  <size>
    <width>474</width>
    <height>355</height>
    <depth>3</depth>
  </size>
  <segmented>0</segmented>
  <object>
    <name>dog</name>
    <pose>Unspecified</pose>
    <truncated>0</truncated>
    <difficult>0</difficult>
    <bndbox>
      <xmin>1</xmin>
      <ymin>21</ymin>
      <xmax>459</xmax>
      <ymax>346</ymax>
    </bndbox>
  </object>
  <object>
    <name>cat</name>
    <pose>Unspecified</pose>
    <truncated>0</truncated>
    <difficult>0</difficult>
    <bndbox>
      <xmin>38</xmin>
      <ymin>85</ymin>
      <xmax>238</xmax>
      <ymax>325</ymax>
    </bndbox>
  </object>
</annotation>