<annotation>
  <folder>train</folder>
  <filename>dogs_and_cats_010.jpg</filename>
  <path>dogs_and_cats_010.jpg</path>
  <source>
    <database>Unknown</database>
  </source>
  <size>
    <width>474</width>
    <height>296</height>
    <depth>3</depth>
  </size>
  <segmented>0</segmented>
  <object>
    <name>cat</name>
    <pose>Unspecified</pose>
    <truncated>0</truncated>
    <difficult>0</difficult>
    <bndbox>
      <xmin>308</xmin>
      <ymin>67</ymin>
      <xmax>474</xmax>
      <ymax>269</ymax>
    </bndbox>
  </object>
  <object>
    <name>dog</name>
    <pose>Unspecified</pose>
    <truncated>0</truncated>
    <difficult>0</difficult>
    <bndbox>
      <xmin>117</xmin>
      <ymin>22</ymin>
      <xmax>473</xmax>
      <ymax>296</ymax>
    </bndbox>
  </object>
</annotation>