<annotation>
  <folder>train</folder>
  <filename>dogs_066.jpg</filename>
  <path>dogs_066.jpg</path>
  <source>
    <database>Unknown</database>
  </source>
  <size>
    <width>474</width>
    <height>355</height>
    <depth>3</depth>
  </size>
  <segmented>0</segmented>
  <object>
    <name>dog</name>
    <pose>Unspecified</pose>
    <truncated>0</truncated>
    <difficult>0</difficult>
    <bndbox>
      <xmin>33</xmin>
      <ymin>43</ymin>
      <xmax>266</xmax>
      <ymax>291</ymax>
    </bndbox>
  </object>
  <object>
    <name>dog</name>
    <pose>Unspecified</pose>
    <truncated>0</truncated>
    <difficult>0</difficult>
    <bndbox>
      <xmin>263</xmin>
      <ymin>70</ymin>
      <xmax>448</xmax>
      <ymax>286</ymax>
    </bndbox>
  </object>
</annotation>