<annotation>
	<folder />
	<filename>female-individual_011.jpg</filename>
	<path>female-individual_011.jpg</path>
	<source>
		<database>roboflow.com</database>
	</source>
	<size>
		<width>640</width>
		<height>640</height>
		<depth>3</depth>
	</size>
	<segmented>0</segmented>
	<object>
		<name>Female</name>
		<pose>Unspecified</pose>
		<truncated>0</truncated>
		<difficult>0</difficult>
		<occluded>0</occluded>
		<bndbox>
			<xmin>146</xmin>
			<xmax>560</xmax>
			<ymin>50</ymin>
			<ymax>372</ymax>
		</bndbox>
	</object>
</annotation>