<annotation>
	<folder />
	<filename>female-individual_010.jpg</filename>
	<path>female-individual_010.jpg</path>
	<source>
		<database>roboflow.com</database>
	</source>
	<size>
		<width>640</width>
		<height>640</height>
		<depth>3</depth>
	</size>
	<segmented>0</segmented>
	<object>
		<name>Female</name>
		<pose>Unspecified</pose>
		<truncated>0</truncated>
		<difficult>0</difficult>
		<occluded>0</occluded>
		<bndbox>
			<xmin>175</xmin>
			<xmax>548</xmax>
			<ymin>50</ymin>
			<ymax>462</ymax>
		</bndbox>
	</object>
</annotation>