<annotation>
	<folder />
	<filename>female-individual_007.jpg</filename>
	<path>female-individual_007.jpg</path>
	<source>
		<database>roboflow.com</database>
	</source>
	<size>
		<width>640</width>
		<height>640</height>
		<depth>3</depth>
	</size>
	<segmented>0</segmented>
	<object>
		<name>Female</name>
		<pose>Unspecified</pose>
		<truncated>0</truncated>
		<difficult>0</difficult>
		<occluded>0</occluded>
		<bndbox>
			<xmin>126</xmin>
			<xmax>500</xmax>
			<ymin>44</ymin>
			<ymax>365</ymax>
		</bndbox>
	</object>
</annotation>