<annotation>
	<folder />
	<filename>female-individual_001.jpg</filename>
	<path>female-individual_001.jpg</path>
	<source>
		<database>roboflow.com</database>
	</source>
	<size>
		<width>640</width>
		<height>640</height>
		<depth>3</depth>
	</size>
	<segmented>0</segmented>
	<object>
		<name>Female</name>
		<pose>Unspecified</pose>
		<truncated>0</truncated>
		<difficult>0</difficult>
		<occluded>0</occluded>
		<bndbox>
			<xmin>109</xmin>
			<xmax>498</xmax>
			<ymin>89</ymin>
			<ymax>432</ymax>
		</bndbox>
	</object>
</annotation>